screen_name,screen_id,image_url,code_url
01 Dashboard (The Garden),45ae45b4b3b04e29a56230e4985d18f6,,
02 The Conversation,1074f5bfed1f4fe582e55d3a8412048c,,
03 The Canvas (Editor),452b47178ba64fc89d1df1cce025e0a6,,
04 Mind Map,38ec3e7a611d4438ac18e42b86289967,,
05 Semantic Search,ef427f3bcd904e24a590dfeef76751be,,
01 Dashboard (The Garden),979c1d9c4ee5489abc9d1e0f2eeab558,,
02 The Conversation,a4af6661347943f1942457e8ab065ee4,,
03 The Canvas (Editor),422e315d30f0400eb748e613ad93c1b1,,
04 Mind Map View,2a7d209d9e8842bf88aa37a4a6e171b8,,
05 Semantic Search,a89dc6a20d254a2b9fa3ebdec610a820,,
